Workbook

Sheet riego_diario
A1: fecha | B1: cultivo | C1: etapa | D1: eto_mm | E1: kc | F1: lluvia_efectiva_mm | G1: superficie_ha | H1: eficiencia_riego | I1: caudal_m3_h | J1: etc_mm | K1: necesidad_neta_mm | L1: necesidad_bruta_mm | M1: volumen_riego_m3 | N1: tiempo_riego_h | O1: reposicion_diaria | P1: deficit_acumulado_mm | Q1: TAW_mm | R1: RAW_mm | S1: decision_riego | T1: riego_neto_mm | U1: riego_bruto_mm | V1: volumen_aplicar_m3 | W1: tiempo_aplicar_h | X1: deficit_final_mm | Y1: horas_max_evento | Z1: eventos_necesarios | AA1: horas_por_evento | AB1: recomendacion_final | AC1: uso_RAW_pct | AD1: estado_hidrico | AE1: tasa_aplicacion_mm_h
A2: 46042 | B2: =parametros!$B$13 | C2: =parametros!$B$14 | D2: =VLOOKUP(A2,clima_real!$A$2:$E$26,2,FALSE) | E2: =VLOOKUP(C2,parametros!$A$2:$B$6,2,FALSE) | F2: =VLOOKUP(A2,clima_real!$A$2:$E$26,5,FALSE) | G2: =parametros!$B$15 | H2: =parametros!$B$16 | I2: =parametros!$B$17 | J2: =D2*E2 | K2: =IF(J2-F2>0,J2-F2,0) | L2: =K2/H2 | M2: =L2*G2*10 | N2: =M2/I2 | O2: =IF(N2=0,"No regar","Regar "&ROUND(N2,2)&" horas") | P2: =IF(parametros!$B$12+J2-F2>0,parametros!$B$12+J2-F2,0) | Q2: =1000*(VLOOKUP(parametros!$B$18,parametros!$D$2:$F$100,2,FALSE)-VLOOKUP(parametros!$B$18,parametros!$D$2:$F$100,3,FALSE))*parametros!$B$19 | R2: =parametros!$B$20*Q2 | S2: =IF(P2>=R2,"Regar","No regar") | T2: =IF(S2="Regar",P2,0) | U2: =IF(T2=0,0,T2/H2) | V2: =U2*G2*10 | W2: =IF(V2=0,0,V2/I2) | X2: =MAX(P2-T2,0) | Y2: =parametros!$B$21 | Z2: =IF(OR(Y2=0,W2=0),0,ROUNDUP(W2/Y2,0)) | AA2: =IF(Z2=0,0,W2/Z2) | AB2: =IF(S2="No regar","No regar","Regar en "&Z2&" eventos de "&ROUND(AA2,2)&" horas") | AC2: =IF(R2=0,0,P2/R2) | AD2: =IF(S2="Regar","Regar",IF(AC2>=0.8,"Atencion","Normal")) | AE2: =I2/(G2*10)
A3: 46043 | B3: =parametros!$B$13 | C3: =parametros!$B$14 | D3: =VLOOKUP(A3,clima_real!$A$2:$E$26,2,FALSE) | E3: =VLOOKUP(C3,parametros!$A$2:$B$6,2,FALSE) | F3: =VLOOKUP(A3,clima_real!$A$2:$E$26,5,FALSE) | G3: =parametros!$B$15 | H3: =parametros!$B$16 | I3: =parametros!$B$17 | J3: =D3*E3 | K3: =IF(J3-F3>0,J3-F3,0) | L3: =K3/H3 | M3: =L3*G3*10 | N3: =M3/I3 | O3: =IF(N3=0,"No regar","Regar "&ROUND(N3,2)&" horas") | P3: =IF(X2+J3-F3>0,X2+J3-F3,0) | Q3: =1000*(VLOOKUP(parametros!$B$18,parametros!$D$2:$F$100,2,FALSE)-VLOOKUP(parametros!$B$18,parametros!$D$2:$F$100,3,FALSE))*parametros!$B$19 | R3: =parametros!$B$20*Q3 | S3: =IF(P3>=R3,"Regar","No regar") | T3: =IF(S3="Regar",P3,0) | U3: =IF(T3=0,0,T3/H3) | V3: =U3*G3*10 | W3: =IF(V3=0,0,V3/I3) | X3: =MAX(P3-T3,0) | Y3: =parametros!$B$21 | Z3: =IF(OR(Y3=0,W3=0),0,ROUNDUP(W3/Y3,0)) | AA3: =IF(Z3=0,0,W3/Z3) | AB3: =IF(S3="No regar","No regar","Regar en "&Z3&" eventos de "&ROUND(AA3,2)&" horas") | AC3: =IF(R3=0,0,P3/R3) | AD3: =IF(S3="Regar","Regar",IF(AC3>=0.8,"Atencion","Normal")) | AE3: =I3/(G3*10)
A4: 46044 | B4: =parametros!$B$13 | C4: =parametros!$B$14 | D4: =VLOOKUP(A4,clima_real!$A$2:$E$26,2,FALSE) | E4: =VLOOKUP(C4,parametros!$A$2:$B$6,2,FALSE) | F4: =VLOOKUP(A4,clima_real!$A$2:$E$26,5,FALSE) | G4: =parametros!$B$15 | H4: =parametros!$B$16 | I4: =parametros!$B$17 | J4: =D4*E4 | K4: =IF(J4-F4>0,J4-F4,0) | L4: =K4/H4 | M4: =L4*G4*10 | N4: =M4/I4 | O4: =IF(N4=0,"No regar","Regar "&ROUND(N4,2)&" horas") | P4: =IF(X3+J4-F4>0,X3+J4-F4,0) | Q4: =1000*(VLOOKUP(parametros!$B$18,parametros!$D$2:$F$100,2,FALSE)-VLOOKUP(parametros!$B$18,parametros!$D$2:$F$100,3,FALSE))*parametros!$B$19 | R4: =parametros!$B$20*Q4 | S4: =IF(P4>=R4,"Regar","No regar") | T4: =IF(S4="Regar",P4,0) | U4: =IF(T4=0,0,T4/H4) | V4: =U4*G4*10 | W4: =IF(V4=0,0,V4/I4) | X4: =MAX(P4-T4,0) | Y4: =parametros!$B$21 | Z4: =IF(OR(Y4=0,W4=0),0,ROUNDUP(W4/Y4,0)) | AA4: =IF(Z4=0,0,W4/Z4) | AB4: =IF(S4="No regar","No regar","Regar en "&Z4&" eventos de "&ROUND(AA4,2)&" horas") | AC4: =IF(R4=0,0,P4/R4) | AD4: =IF(S4="Regar","Regar",IF(AC4>=0.8,"Atencion","Normal")) | AE4: =I4/(G4*10)
A5: 46045 | B5: =parametros!$B$13 | C5: =parametros!$B$14 | D5: =VLOOKUP(A5,clima_real!$A$2:$E$26,2,FALSE) | E5: =VLOOKUP(C5,parametros!$A$2:$B$6,2,FALSE) | F5: =VLOOKUP(A5,clima_real!$A$2:$E$26,5,FALSE) | G5: =parametros!$B$15 | H5: =parametros!$B$16 | I5: =parametros!$B$17 | J5: =D5*E5 | K5: =IF(J5-F5>0,J5-F5,0) | L5: =K5/H5 | M5: =L5*G5*10 | N5: =M5/I5 | O5: =IF(N5=0,"No regar","Regar "&ROUND(N5,2)&" horas") | P5: =IF(X4+J5-F5>0,X4+J5-F5,0) | Q5: =1000*(VLOOKUP(parametros!$B$18,parametros!$D$2:$F$100,2,FALSE)-VLOOKUP(parametros!$B$18,parametros!$D$2:$F$100,3,FALSE))*parametros!$B$19 | R5: =parametros!$B$20*Q5 | S5: =IF(P5>=R5,"Regar","No regar") | T5: =IF(S5="Regar",P5,0) | U5: =IF(T5=0,0,T5/H5) | V5: =U5*G5*10 | W5: =IF(V5=0,0,V5/I5) | X5: =MAX(P5-T5,0) | Y5: =parametros!$B$21 | Z5: =IF(OR(Y5=0,W5=0),0,ROUNDUP(W5/Y5,0)) | AA5: =IF(Z5=0,0,W5/Z5) | AB5: =IF(S5="No regar","No regar","Regar en "&Z5&" eventos de "&ROUND(AA5,2)&" horas") | AC5: =IF(R5=0,0,P5/R5) | AD5: =IF(S5="Regar","Regar",IF(AC5>=0.8,"Atencion","Normal")) | AE5: =I5/(G5*10)
A6: 46046 | B6: =parametros!$B$13 | C6: =parametros!$B$14 | D6: =VLOOKUP(A6,clima_real!$A$2:$E$26,2,FALSE) | E6: =VLOOKUP(C6,parametros!$A$2:$B$6,2,FALSE) | F6: =VLOOKUP(A6,clima_real!$A$2:$E$26,5,FALSE) | G6: =parametros!$B$15 | H6: =parametros!$B$16 | I6: =parametros!$B$17 | J6: =D6*E6 | K6: =IF(J6-F6>0,J6-F6,0) | L6: =K6/H6 | M6: =L6*G6*10 | N6: =M6/I6 | O6: =IF(N6=0,"No regar","Regar "&ROUND(N6,2)&" horas") | P6: =IF(X5+J6-F6>0,X5+J6-F6,0) | Q6: =1000*(VLOOKUP(parametros!$B$18,parametros!$D$2:$F$100,2,FALSE)-VLOOKUP(parametros!$B$18,parametros!$D$2:$F$100,3,FALSE))*parametros!$B$19 | R6: =parametros!$B$20*Q6 | S6: =IF(P6>=R6,"Regar","No regar") | T6: =IF(S6="Regar",P6,0) | U6: =IF(T6=0,0,T6/H6) | V6: =U6*G6*10 | W6: =IF(V6=0,0,V6/I6) | X6: =MAX(P6-T6,0) | Y6: =parametros!$B$21 | Z6: =IF(OR(Y6=0,W6=0),0,ROUNDUP(W6/Y6,0)) | AA6: =IF(Z6=0,0,W6/Z6) | AB6: =IF(S6="No regar","No regar","Regar en "&Z6&" eventos de "&ROUND(AA6,2)&" horas") | AC6: =IF(R6=0,0,P6/R6) | AD6: =IF(S6="Regar","Regar",IF(AC6>=0.8,"Atencion","Normal")) | AE6: =I6/(G6*10)
A7: 46047 | B7: =parametros!$B$13 | C7: =parametros!$B$14 | D7: =VLOOKUP(A7,clima_real!$A$2:$E$26,2,FALSE) | E7: =VLOOKUP(C7,parametros!$A$2:$B$6,2,FALSE) | F7: =VLOOKUP(A7,clima_real!$A$2:$E$26,5,FALSE) | G7: =parametros!$B$15 | H7: =parametros!$B$16 | I7: =parametros!$B$17 | J7: =D7*E7 | K7: =IF(J7-F7>0,J7-F7,0) | L7: =K7/H7 | M7: =L7*G7*10 | N7: =M7/I7 | O7: =IF(N7=0,"No regar","Regar "&ROUND(N7,2)&" horas") | P7: =IF(X6+J7-F7>0,X6+J7-F7,0) | Q7: =1000*(VLOOKUP(parametros!$B$18,parametros!$D$2:$F$100,2,FALSE)-VLOOKUP(parametros!$B$18,parametros!$D$2:$F$100,3,FALSE))*parametros!$B$19 | R7: =parametros!$B$20*Q7 | S7: =IF(P7>=R7,"Regar","No regar") | T7: =IF(S7="Regar",P7,0) | U7: =IF(T7=0,0,T7/H7) | V7: =U7*G7*10 | W7: =IF(V7=0,0,V7/I7) | X7: =MAX(P7-T7,0) | Y7: =parametros!$B$21 | Z7: =IF(OR(Y7=0,W7=0),0,ROUNDUP(W7/Y7,0)) | AA7: =IF(Z7=0,0,W7/Z7) | AB7: =IF(S7="No regar","No regar","Regar en "&Z7&" eventos de "&ROUND(AA7,2)&" horas") | AC7: =IF(R7=0,0,P7/R7) | AD7: =IF(S7="Regar","Regar",IF(AC7>=0.8,"Atencion","Normal")) | AE7: =I7/(G7*10)
A8: 46048 | B8: =parametros!$B$13 | C8: =parametros!$B$14 | D8: =VLOOKUP(A8,clima_real!$A$2:$E$26,2,FALSE) | E8: =VLOOKUP(C8,parametros!$A$2:$B$6,2,FALSE) | F8: =VLOOKUP(A8,clima_real!$A$2:$E$26,5,FALSE) | G8: =parametros!$B$15 | H8: =parametros!$B$16 | I8: =parametros!$B$17 | J8: =D8*E8 | K8: =IF(J8-F8>0,J8-F8,0) | L8: =K8/H8 | M8: =L8*G8*10 | N8: =M8/I8 | O8: =IF(N8=0,"No regar","Regar "&ROUND(N8,2)&" horas") | P8: =IF(X7+J8-F8>0,X7+J8-F8,0) | Q8: =1000*(VLOOKUP(parametros!$B$18,parametros!$D$2:$F$100,2,FALSE)-VLOOKUP(parametros!$B$18,parametros!$D$2:$F$100,3,FALSE))*parametros!$B$19 | R8: =parametros!$B$20*Q8 | S8: =IF(P8>=R8,"Regar","No regar") | T8: =IF(S8="Regar",P8,0) | U8: =IF(T8=0,0,T8/H8) | V8: =U8*G8*10 | W8: =IF(V8=0,0,V8/I8) | X8: =MAX(P8-T8,0) | Y8: =parametros!$B$21 | Z8: =IF(OR(Y8=0,W8=0),0,ROUNDUP(W8/Y8,0)) | AA8: =IF(Z8=0,0,W8/Z8) | AB8: =IF(S8="No regar","No regar","Regar en "&Z8&" eventos de "&ROUND(AA8,2)&" horas") | AC8: =IF(R8=0,0,P8/R8) | AD8: =IF(S8="Regar","Regar",IF(AC8>=0.8,"Atencion","Normal")) | AE8: =I8/(G8*10)
A9: 46049 | B9: =parametros!$B$13 | C9: =parametros!$B$14 | D9: =VLOOKUP(A9,clima_real!$A$2:$E$26,2,FALSE) | E9: =VLOOKUP(C9,parametros!$A$2:$B$6,2,FALSE) | F9: =VLOOKUP(A9,clima_real!$A$2:$E$26,5,FALSE) | G9: =parametros!$B$15 | H9: =parametros!$B$16 | I9: =parametros!$B$17 | J9: =D9*E9 | K9: =IF(J9-F9>0,J9-F9,0) | L9: =K9/H9 | M9: =L9*G9*10 | N9: =M9/I9 | O9: =IF(N9=0,"No regar","Regar "&ROUND(N9,2)&" horas") | P9: =IF(X8+J9-F9>0,X8+J9-F9,0) | Q9: =1000*(VLOOKUP(parametros!$B$18,parametros!$D$2:$F$100,2,FALSE)-VLOOKUP(parametros!$B$18,parametros!$D$2:$F$100,3,FALSE))*parametros!$B$19 | R9: =parametros!$B$20*Q9 | S9: =IF(P9>=R9,"Regar","No regar") | T9: =IF(S9="Regar",P9,0) | U9: =IF(T9=0,0,T9/H9) | V9: =U9*G9*10 | W9: =IF(V9=0,0,V9/I9) | X9: =MAX(P9-T9,0) | Y9: =parametros!$B$21 | Z9: =IF(OR(Y9=0,W9=0),0,ROUNDUP(W9/Y9,0)) | AA9: =IF(Z9=0,0,W9/Z9) | AB9: =IF(S9="No regar","No regar","Regar en "&Z9&" eventos de "&ROUND(AA9,2)&" horas") | AC9: =IF(R9=0,0,P9/R9) | AD9: =IF(S9="Regar","Regar",IF(AC9>=0.8,"Atencion","Normal")) | AE9: =I9/(G9*10)
A10: 46050 | B10: =parametros!$B$13 | C10: =parametros!$B$14 | D10: =VLOOKUP(A10,clima_real!$A$2:$E$26,2,FALSE) | E10: =VLOOKUP(C10,parametros!$A$2:$B$6,2,FALSE) | F10: =VLOOKUP(A10,clima_real!$A$2:$E$26,5,FALSE) | G10: =parametros!$B$15 | H10: =parametros!$B$16 | I10: =parametros!$B$17 | J10: =D10*E10 | K10: =IF(J10-F10>0,J10-F10,0) | L10: =K10/H10 | M10: =L10*G10*10 | N10: =M10/I10 | O10: =IF(N10=0,"No regar","Regar "&ROUND(N10,2)&" horas") | P10: =IF(X9+J10-F10>0,X9+J10-F10,0) | Q10: =1000*(VLOOKUP(parametros!$B$18,parametros!$D$2:$F$100,2,FALSE)-VLOOKUP(parametros!$B$18,parametros!$D$2:$F$100,3,FALSE))*parametros!$B$19 | R10: =parametros!$B$20*Q10 | S10: =IF(P10>=R10,"Regar","No regar") | T10: =IF(S10="Regar",P10,0) | U10: =IF(T10=0,0,T10/H10) | V10: =U10*G10*10 | W10: =IF(V10=0,0,V10/I10) | X10: =MAX(P10-T10,0) | Y10: =parametros!$B$21 | Z10: =IF(OR(Y10=0,W10=0),0,ROUNDUP(W10/Y10,0)) | AA10: =IF(Z10=0,0,W10/Z10) | AB10: =IF(S10="No regar","No regar","Regar en "&Z10&" eventos de "&ROUND(AA10,2)&" horas") | AC10: =IF(R10=0,0,P10/R10) | AD10: =IF(S10="Regar","Regar",IF(AC10>=0.8,"Atencion","Normal")) | AE10: =I10/(G10*10)
A11: 46051 | B11: =parametros!$B$13 | C11: =parametros!$B$14 | D11: =VLOOKUP(A11,clima_real!$A$2:$E$26,2,FALSE) | E11: =VLOOKUP(C11,parametros!$A$2:$B$6,2,FALSE) | F11: =VLOOKUP(A11,clima_real!$A$2:$E$26,5,FALSE) | G11: =parametros!$B$15 | H11: =parametros!$B$16 | I11: =parametros!$B$17 | J11: =D11*E11 | K11: =IF(J11-F11>0,J11-F11,0) | L11: =K11/H11 | M11: =L11*G11*10 | N11: =M11/I11 | O11: =IF(N11=0,"No regar","Regar "&ROUND(N11,2)&" horas") | P11: =IF(X10+J11-F11>0,X10+J11-F11,0) | Q11: =1000*(VLOOKUP(parametros!$B$18,parametros!$D$2:$F$100,2,FALSE)-VLOOKUP(parametros!$B$18,parametros!$D$2:$F$100,3,FALSE))*parametros!$B$19 | R11: =parametros!$B$20*Q11 | S11: =IF(P11>=R11,"Regar","No regar") | T11: =IF(S11="Regar",P11,0) | U11: =IF(T11=0,0,T11/H11) | V11: =U11*G11*10 | W11: =IF(V11=0,0,V11/I11) | X11: =MAX(P11-T11,0) | Y11: =parametros!$B$21 | Z11: =IF(OR(Y11=0,W11=0),0,ROUNDUP(W11/Y11,0)) | AA11: =IF(Z11=0,0,W11/Z11) | AB11: =IF(S11="No regar","No regar","Regar en "&Z11&" eventos de "&ROUND(AA11,2)&" horas") | AC11: =IF(R11=0,0,P11/R11) | AD11: =IF(S11="Regar","Regar",IF(AC11>=0.8,"Atencion","Normal")) | AE11: =I11/(G11*10)
A12: 46052 | B12: =parametros!$B$13 | C12: =parametros!$B$14 | D12: =VLOOKUP(A12,clima_real!$A$2:$E$26,2,FALSE) | E12: =VLOOKUP(C12,parametros!$A$2:$B$6,2,FALSE) | F12: =VLOOKUP(A12,clima_real!$A$2:$E$26,5,FALSE) | G12: =parametros!$B$15 | H12: =parametros!$B$16 | I12: =parametros!$B$17 | J12: =D12*E12 | K12: =IF(J12-F12>0,J12-F12,0) | L12: =K12/H12 | M12: =L12*G12*10 | N12: =M12/I12 | O12: =IF(N12=0,"No regar","Regar "&ROUND(N12,2)&" horas") | P12: =IF(X11+J12-F12>0,X11+J12-F12,0) | Q12: =1000*(VLOOKUP(parametros!$B$18,parametros!$D$2:$F$100,2,FALSE)-VLOOKUP(parametros!$B$18,parametros!$D$2:$F$100,3,FALSE))*parametros!$B$19 | R12: =parametros!$B$20*Q12 | S12: =IF(P12>=R12,"Regar","No regar") | T12: =IF(S12="Regar",P12,0) | U12: =IF(T12=0,0,T12/H12) | V12: =U12*G12*10 | W12: =IF(V12=0,0,V12/I12) | X12: =MAX(P12-T12,0) | Y12: =parametros!$B$21 | Z12: =IF(OR(Y12=0,W12=0),0,ROUNDUP(W12/Y12,0)) | AA12: =IF(Z12=0,0,W12/Z12) | AB12: =IF(S12="No regar","No regar","Regar en "&Z12&" eventos de "&ROUND(AA12,2)&" horas") | AC12: =IF(R12=0,0,P12/R12) | AD12: =IF(S12="Regar","Regar",IF(AC12>=0.8,"Atencion","Normal")) | AE12: =I12/(G12*10)
A13: 46053 | B13: =parametros!$B$13 | C13: =parametros!$B$14 | D13: =VLOOKUP(A13,clima_real!$A$2:$E$26,2,FALSE) | E13: =VLOOKUP(C13,parametros!$A$2:$B$6,2,FALSE) | F13: =VLOOKUP(A13,clima_real!$A$2:$E$26,5,FALSE) | G13: =parametros!$B$15 | H13: =parametros!$B$16 | I13: =parametros!$B$17 | J13: =D13*E13 | K13: =IF(J13-F13>0,J13-F13,0) | L13: =K13/H13 | M13: =L13*G13*10 | N13: =M13/I13 | O13: =IF(N13=0,"No regar","Regar "&ROUND(N13,2)&" horas") | P13: =IF(X12+J13-F13>0,X12+J13-F13,0) | Q13: =1000*(VLOOKUP(parametros!$B$18,parametros!$D$2:$F$100,2,FALSE)-VLOOKUP(parametros!$B$18,parametros!$D$2:$F$100,3,FALSE))*parametros!$B$19 | R13: =parametros!$B$20*Q13 | S13: =IF(P13>=R13,"Regar","No regar") | T13: =IF(S13="Regar",P13,0) | U13: =IF(T13=0,0,T13/H13) | V13: =U13*G13*10 | W13: =IF(V13=0,0,V13/I13) | X13: =MAX(P13-T13,0) | Y13: =parametros!$B$21 | Z13: =IF(OR(Y13=0,W13=0),0,ROUNDUP(W13/Y13,0)) | AA13: =IF(Z13=0,0,W13/Z13) | AB13: =IF(S13="No regar","No regar","Regar en "&Z13&" eventos de "&ROUND(AA13,2)&" horas") | AC13: =IF(R13=0,0,P13/R13) | AD13: =IF(S13="Regar","Regar",IF(AC13>=0.8,"Atencion","Normal")) | AE13: =I13/(G13*10)
A14: 46054 | B14: =parametros!$B$13 | C14: =parametros!$B$14 | D14: =VLOOKUP(A14,clima_real!$A$2:$E$26,2,FALSE) | E14: =VLOOKUP(C14,parametros!$A$2:$B$6,2,FALSE) | F14: =VLOOKUP(A14,clima_real!$A$2:$E$26,5,FALSE) | G14: =parametros!$B$15 | H14: =parametros!$B$16 | I14: =parametros!$B$17 | J14: =D14*E14 | K14: =IF(J14-F14>0,J14-F14,0) | L14: =K14/H14 | M14: =L14*G14*10 | N14: =M14/I14 | O14: =IF(N14=0,"No regar","Regar "&ROUND(N14,2)&" horas") | P14: =IF(X13+J14-F14>0,X13+J14-F14,0) | Q14: =1000*(VLOOKUP(parametros!$B$18,parametros!$D$2:$F$100,2,FALSE)-VLOOKUP(parametros!$B$18,parametros!$D$2:$F$100,3,FALSE))*parametros!$B$19 | R14: =parametros!$B$20*Q14 | S14: =IF(P14>=R14,"Regar","No regar") | T14: =IF(S14="Regar",P14,0) | U14: =IF(T14=0,0,T14/H14) | V14: =U14*G14*10 | W14: =IF(V14=0,0,V14/I14) | X14: =MAX(P14-T14,0) | Y14: =parametros!$B$21 | Z14: =IF(OR(Y14=0,W14=0),0,ROUNDUP(W14/Y14,0)) | AA14: =IF(Z14=0,0,W14/Z14) | AB14: =IF(S14="No regar","No regar","Regar en "&Z14&" eventos de "&ROUND(AA14,2)&" horas") | AC14: =IF(R14=0,0,P14/R14) | AD14: =IF(S14="Regar","Regar",IF(AC14>=0.8,"Atencion","Normal")) | AE14: =I14/(G14*10)
... A18: 46058 | B18: =parametros!$B$13 | C18: =parametros!$B$14 | D18: =VLOOKUP(A18,clima_real!$A$2:$E$26,2,FALSE) | E18: =VLOOKUP(C18,parametros!$A$2:$B$6,2,FALSE) | F18: =VLOOKUP(A18,clima_real!$A$2:$E$26,5,FALSE) | G18: =parametros!$B$15 | H18: =parametros!$B$16 | I18: =parametros!$B$17 | J18: =D18*E18 | K18: =IF(J18-F18>0,J18-F18,0) | L18: =K18/H18 | M18: =L18*G18*10 | N18: =M18/I18 | O18: =IF(N18=0,"No regar","Regar "&ROUND(N18,2)&" horas") | P18: =IF(X17+J18-F18>0,X17+J18-F18,0) | Q18: =1000*(VLOOKUP(parametros!$B$18,parametros!$D$2:$F$100,2,FALSE)-VLOOKUP(parametros!$B$18,parametros!$D$2:$F$100,3,FALSE))*parametros!$B$19 | R18: =parametros!$B$20*Q18 | S18: =IF(P18>=R18,"Regar","No regar") | T18: =IF(S18="Regar",P18,0) | U18: =IF(T18=0,0,T18/H18) | V18: =U18*G18*10 | W18: =IF(V18=0,0,V18/I18) | X18: =MAX(P18-T18,0) | Y18: =parametros!$B$21 | Z18: =IF(OR(Y18=0,W18=0),0,ROUNDUP(W18/Y18,0)) | AA18: =IF(Z18=0,0,W18/Z18) | AB18: =IF(S18="No regar","No regar","Regar en "&Z18&" eventos de "&ROUND(AA18,2)&" horas") | AC18: =IF(R18=0,0,P18/R18) | AD18: =IF(S18="Regar","Regar",IF(AC18>=0.8,"Atencion","Normal")) | AE18: =I18/(G18*10)

Sheet parametros
A1: etapa | B1: kc | D1: suelo | E1: theta_cc | F1: theta_pmp | G1: profundidad_raiz_m | H1: p | J1: horas_max_evento
A2: Brotacion | B2: 0.4 | D2: Franco_demo | E2: 0.27 | F2: 0.12 | G2: 1 | H2: 0.45 | J2: 8
A3: Floracion | B3: 0.55 | D3: Suelo_prueba | E3: 0.2 | F3: 0.1
A4: Cuaja | B4: 0.6
A5: Envero | B5: 0.6
A6: Maduracion | B6: 0.55
A8: ubicacion_clima | B8: Curicó
A9: fecha_inicio_clima | B9: 46042
A10: fecha_fin_clima | B10: 46058
A11: fuente_clima | B11: Open-Meteo
A12: deficit_inicial_mm | B12: 20
A13: cultivo | B13: Vid
A14: etapa | B14: Envero
A15: superficie_ha | B15: 1.5
A16: eficiencia_riego | B16: 0.85
A17: caudal_m3_h | B17: 20
A18: suelo_seleccionado | B18: Franco_demo
A19: profundidad_raiz_m | B19: 1
A20: p | B20: 0.45
A21: horas_max_evento | B21: 6

Sheet panel
A1: SISTEMA DE APOYO A DECISIONES DE RIEGO
A2: ESTADO Y RECOMENDACIÓN | D2: DATOS DE LA FECHA
A3: Fecha seleccionada | B3: 46055 | D3: Cultivo | E3: =VLOOKUP($B$3,riego_diario!$A$2:$AE$100,2,FALSE)
A4: Estado hídrico | B4: =VLOOKUP($B$3,riego_diario!$A$2:$AE$100,30,FALSE) | D4: Etapa | E4: =VLOOKUP($B$3,riego_diario!$A$2:$AE$100,3,FALSE)
A5: Uso del umbral RAW | B5: =VLOOKUP($B$3,riego_diario!$A$2:$AE$100,29,FALSE) | D5: ETo (mm) | E5: =VLOOKUP($B$3,riego_diario!$A$2:$AE$100,4,FALSE)
A6: Déficit acumulado (mm) | B6: =VLOOKUP($B$3,riego_diario!$A$2:$AE$100,16,FALSE) | D6: Kc | E6: =VLOOKUP($B$3,riego_diario!$A$2:$AE$100,5,FALSE)
A7: Umbral RAW (mm) | B7: =VLOOKUP($B$3,riego_diario!$A$2:$AE$100,18,FALSE) | D7: Lluvia efectiva (mm) | E7: =VLOOKUP($B$3,riego_diario!$A$2:$AE$100,6,FALSE)
A8: Decisión | B8: =VLOOKUP($B$3,riego_diario!$A$2:$AE$100,19,FALSE) | D8: Superficie (ha) | E8: =VLOOKUP($B$3,riego_diario!$A$2:$AE$100,7,FALSE)
A9: Recomendación | B9: =VLOOKUP($B$3,riego_diario!$A$2:$AE$100,28,FALSE) | D9: Precipitación (mm) | E9: =VLOOKUP($B$3,clima_real!$A$2:$E$26,3,FALSE)
A10: Tasa de aplicación (mm/h) | B10: =VLOOKUP($B$3,riego_diario!$A$2:$AE$100,31,FALSE) | D10: Fuente climática | E10: =VLOOKUP($B$3,clima_real!$A$2:$E$26,4,FALSE)
D11: Ubicacion | E11: =parametros!$B$8

Sheet clima_real
A1: fecha | B1: eto_mm | C1: precipitacion_mm | D1: fuente | E1: precipitacion_efectiva_mm
A2: 46042 | B2: 6.35 | C2: 0 | D2: Open-Meteo | E2: 0
A3: 46043 | B3: 6.39 | C3: 0 | D3: Open-Meteo | E3: 0
A4: 46044 | B4: 6.71 | C4: 0 | D4: Open-Meteo | E4: 0
A5: 46045 | B5: 6.8 | C5: 0 | D5: Open-Meteo | E5: 0
A6: 46046 | B6: 6.35 | C6: 0 | D6: Open-Meteo | E6: 0
A7: 46047 | B7: 4.34 | C7: 0.1 | D7: Open-Meteo | E7: 0.1
A8: 46048 | B8: 6.11 | C8: 0 | D8: Open-Meteo | E8: 0
A9: 46049 | B9: 6.16 | C9: 0 | D9: Open-Meteo | E9: 0
A10: 46050 | B10: 7.16 | C10: 0 | D10: Open-Meteo | E10: 0
A11: 46051 | B11: 6.43 | C11: 0 | D11: Open-Meteo | E11: 0
A12: 46052 | B12: 5.79 | C12: 0 | D12: Open-Meteo | E12: 0
A13: 46053 | B13: 4.55 | C13: 0 | D13: Open-Meteo | E13: 0
... A18: 46058 | B18: 5.8 | C18: 0 | D18: Open-Meteo | E18: 0
